{
  "diary": [
    {
      "id": 55,
      "date": "2020-01-22",
      "title": "Las cosas están yendo bien",
      "description": "Pese a todo, el esfuerzo que estoy haciendo en aprender, está mereciendo la pena. Ahora soy mucho más consciente de mis habilidades con el diabolo."
    },
    {
      "id": 42,
      "date": "2020-01-22",
      "title": "Otro día más",
      "description": "No puedo más, el viento me abraza cual envoltorio de caramelo. Que vida es esta en la que no puedo tener una PS5 por falta de stock..."
    },
    {
      "id": 23,
      "date": "2020-01-22",
      "title": "Happy flower",
      "description": "Me flipa!! me encanta!! no puedo estar más feliz!! He acariciado una cabra!!! :D"
    },
    {
      "id": 4,
      "date": "2020-06-23",
      "title": "Querría borrar esto",
      "description": "Este fue uno de los peores días de mi vida. Cogí el metro para ir a la Gamergy y resulta que no me dejaron entrar porque compré la entrada equivocada...para la Fashion Week..."
    },
    {
      "id": 1,
      "date": "2018-04-11",
      "title": "Querido diario...",
      "description": "Querido diario, hoy empiezo a escribir mi primera hoja en tus páginas. Espero que mi vida sea tranquila y común :)"
    },
    {
      "id": 22,
      "date": "2019-11-22",
      "title": "Hoy por fin",
      "description": "Hoy por fin veré la nieve. Siempre he querido hacer un muñeco de nieve...Dicen que cobran vida. Olaf! allá voy!"
    },
    {
      "id": 54,
      "date": "2125-04-23",
      "title": "!¿Pero que?!",
      "description": "Como puede ser esto posible? He viajado en el tiempo??? Que clase de Death Note trucada es esta o.O"
    }
  ]
}
